slug,url,title,title_length,description,description_length
administrator,https://www.trailblazeprep.com/certifications/administrator,"Salesforce Admin Practice Test: Free Winter '26 Prep",52,"Pass the ADM-201 exam with ease. Access free Winter '26 practice questions, section weightage, and a complete study path for the current release. Start free ...",160
administrator-practice-test,https://www.trailblazeprep.com/certifications/administrator-practice-test,"ADM-201 Practice Test (Winter '26)",34,"ADM-201 practice test: real-style questions, section weightage, passing score. Free. Updated Winter '26. Test yourself before the exam. Start free practice now.",160
advanced-administrator,https://www.trailblazeprep.com/certifications/advanced-administrator,"Salesforce Advanced Admin (ADM-211) Prep: Winter '26",52,"Pass ADM-211 faster. Use our Winter '26 prep guide with section weightage, realistic practice questions, and a focused admin study plan. Start free practice ...",160
advanced-field-service-ap,https://www.trailblazeprep.com/certifications/advanced-field-service-ap,"Salesforce Advanced Field Service AP (Winter '26)",49,"Prepare for the Salesforce Certified Advanced Field Service Accredited Professional exam with a Winter '26-updated study guide, section-wise weightage, and f...",160
agentforce-specialist,https://www.trailblazeprep.com/certifications/agentforce-specialist,"Salesforce Agentforce Specialist (Winter '26)",45,"Prepare for the Salesforce Certified Agentforce Specialist exam with a Winter '26-updated study guide, section-wise weightage, and free practice questions. N...",160
ai-associate,https://www.trailblazeprep.com/certifications/ai-associate,"Salesforce AI Associate (Winter '26)",36,"Prepare for the Salesforce Certified AI Associate exam with a Winter '26-updated study guide, section-wise weightage, and free practice questions. No sign-up...",160
app-builder,https://www.trailblazeprep.com/certifications/app-builder,"Platform App Builder Practice Exam (Winter '26)",47,"Ace the Salesforce Platform App Builder exam. Get 50+ free practice questions, detailed explanations, and our Winter '26 study guide. Pass today!. Start free...",160
application-architect,https://www.trailblazeprep.com/certifications/application-architect,"Salesforce Application Architect (Winter '26)",45,"Prepare for the Salesforce Certified Application Architect exam with a Winter '26-updated study guide, section-wise weightage, and free practice questions. N...",160
b2b-commerce-admin-ap,https://www.trailblazeprep.com/certifications/b2b-commerce-admin-ap,"Salesforce B2B Commerce Admin AP (Winter '26)",45,"Prepare for the Salesforce Certified B2B Commerce Admin Accredited Professional exam with a Winter '26-updated study guide, section-wise weightage, and free ...",160
b2b-commerce-developer-ap,https://www.trailblazeprep.com/certifications/b2b-commerce-developer-ap,"Salesforce B2B Commerce Developer AP (Winter '26)",49,"Prepare for the Salesforce Certified B2B Commerce Developer Accredited Professional exam with a Winter '26-updated study guide, section-wise weightage, and f...",160
b2b-solution-architect,https://www.trailblazeprep.com/certifications/b2b-solution-architect,"Salesforce B2B Solution Architect (Winter '26)",46,"Prepare for the Salesforce Certified B2B Solution Architect exam with a Winter '26-updated study guide, section-wise weightage, and free practice questions. ...",160
b2c-commerce-architect,https://www.trailblazeprep.com/certifications/b2c-commerce-architect,"Salesforce B2C Commerce Architect (Winter '26)",46,"Prepare for the Salesforce Certified B2C Commerce Architect exam with a Winter '26-updated study guide, section-wise weightage, and free practice questions. ...",160
b2c-commerce-developer,https://www.trailblazeprep.com/certifications/b2c-commerce-developer,"Salesforce B2C Commerce Developer (Winter '26)",46,"Prepare for the Salesforce Certified B2C Commerce Developer exam with a Winter '26-updated study guide, section-wise weightage, and free practice questions. ...",160
b2c-solution-architect,https://www.trailblazeprep.com/certifications/b2c-solution-architect,"Salesforce B2C Solution Architect (Winter '26)",46,"Prepare for the Salesforce Certified B2C Solution Architect exam with a Winter '26-updated study guide, section-wise weightage, and free practice questions. ...",160
business-analyst,https://www.trailblazeprep.com/certifications/business-analyst,"Salesforce Business Analyst Study Guide (Winter '26)",52,"Get ready for the Business Analyst certification. Free Winter '26 study resources, exam tips, and practice questions to help you get certified fast. Start fr...",160
communications-cloud-ap,https://www.trailblazeprep.com/certifications/communications-cloud-ap,"Salesforce Communications Cloud AP (Winter '26)",47,"Prepare for the Salesforce Certified Communications Cloud Accredited Professional exam with a Winter '26-updated study guide, section-wise weightage, and fre...",160
consumer-goods-cloud-ap,https://www.trailblazeprep.com/certifications/consumer-goods-cloud-ap,"Salesforce Consumer Goods Cloud AP (Winter '26)",47,"Prepare for the Salesforce Certified Consumer Goods Cloud Accredited Professional exam with a Winter '26-updated study guide, section-wise weightage, and fre...",160
consumer-goods-tpm-ap,https://www.trailblazeprep.com/certifications/consumer-goods-tpm-ap,"Salesforce Consumer Goods TPM AP (Winter '26)",45,"Prepare for the Salesforce Certified Consumer Goods Cloud Trade Promotion Management Accredited Professional exam with a Winter '26-updated study guide, sect...",160
contact-center-ap,https://www.trailblazeprep.com/certifications/contact-center-ap,"Salesforce Contact Center AP (Winter '26)",41,"Prepare for the Salesforce Certified Contact Center Accredited Professional exam with a Winter '26-updated study guide, section-wise weightage, and free prac...",160
cpq-administrator,https://www.trailblazeprep.com/certifications/cpq-administrator,"Salesforce CPQ Specialist & Admin Prep (Winter '26)",51,"Pass the Salesforce CPQ Admin exam with our updated Winter '26 study guide. Includes practice questions and exam tips for CPQ professionals. Start free pract...",160
cpq-billing-ap,https://www.trailblazeprep.com/certifications/cpq-billing-ap,"Salesforce CPQ and Billing AP (Winter '26)",42,"Prepare for the Salesforce Certified CPQ and Billing Consultant Accredited Professional exam with a Winter '26-updated study guide, section-wise weightage, a...",160
crm-analytics-einstein-discovery-consultant,https://www.trailblazeprep.com/certifications/crm-analytics-einstein-discovery-consultant,"Salesforce CRM Analytics & Einstein Discovery (Winter '26)",58,"Prepare for the Salesforce Certified CRM Analytics & Einstein Discovery Consultant exam with a Winter '26-updated study guide, section-wise weightage, and fr...",160
data-architect,https://www.trailblazeprep.com/certifications/data-architect,"Salesforce Data Architect (Winter '26)",38,"Prepare for the Salesforce Certified Data Architect exam with a Winter '26-updated study guide, section-wise weightage, and free practice questions. No sign-...",160
data-cloud-consultant,https://www.trailblazeprep.com/certifications/data-cloud-consultant,"Salesforce Data Cloud Consultant (Winter '26)",45,"Prepare for the Salesforce Certified Data Cloud Consultant exam with a Winter '26-updated study guide, section-wise weightage, and free practice questions. N...",160
dev-lifecycle-deployment-architect,https://www.trailblazeprep.com/certifications/dev-lifecycle-deployment-architect,"Salesforce Dev Lifecycle & Deployment Architect (Winter '26)",60,"Prepare for the Salesforce Certified Dev Lifecycle and Deployment Architect exam with a Winter '26-updated study guide, section-wise weightage, and free prac...",160
developer-1,https://www.trailblazeprep.com/certifications/developer-1,"Salesforce PD1 Practice Exam: Free Winter '26 Prep",50,"Prepare for the Salesforce Certified Platform Developer I (PD1) exam with a Winter '26-updated study guide, section-wise weightage, and free practice questio...",160
developer-2,https://www.trailblazeprep.com/certifications/developer-2,"Salesforce Platform Developer II Prep (Winter '26)",50,"Level up your dev skills. Get the latest Winter '26 exam topics, practice questions, and expert tips for the Platform Developer II certification. Start free ...",160
education-cloud-consultant,https://www.trailblazeprep.com/certifications/education-cloud-consultant,"Salesforce Education Cloud Consultant (Winter '26)",50,"Prepare for the Salesforce Certified Education Cloud Consultant exam with a Winter '26-updated study guide, section-wise weightage, and free practice questio...",160
email-specialist,https://www.trailblazeprep.com/certifications/email-specialist,"Marketing Cloud Email Specialist Prep (Winter '26)",50,"Get certified faster in Email Specialist. Use Winter '26 practice questions, key topic breakdowns, and exam-focused study tips. Start free today.",145
email-specialist-practice-test,https://www.trailblazeprep.com/certifications/email-specialist-practice-test,"Email Specialist Practice Test (Winter '26)",43,"Email Specialist practice test: real-style questions, weightage, passing score. Free. Updated Winter '26. Start free. Start free practice now.",142
energy-utilities-ap,https://www.trailblazeprep.com/certifications/energy-utilities-ap,"Salesforce Energy & Utilities AP (Winter '26)",45,"Prepare for the Salesforce Certified Energy and Utilities Cloud Accredited Professional exam with a Winter '26-updated study guide, section-wise weightage, a...",160
experience-cloud,https://www.trailblazeprep.com/certifications/experience-cloud,"Experience Cloud Consultant Exam Path (Winter '26)",50,"Everything you need for the Experience Cloud Consultant exam: Winter '26 study guides, practice questions, and registration tips. Start practicing now.",151
field-service,https://www.trailblazeprep.com/certifications/field-service,"Salesforce Field Service Consultant (Winter '26)",48,"Prepare for the Salesforce Certified Field Service Consultant exam with a Winter '26-updated study guide, section-wise weightage, and free practice questions...",160
financial-services-cloud-ap,https://www.trailblazeprep.com/certifications/financial-services-cloud-ap,"Salesforce Financial Services Cloud AP (Winter '26)",51,"Prepare for the Salesforce Certified Financial Services Cloud Accredited Professional exam with a Winter '26-updated study guide, section-wise weightage, and...",160
health-cloud-ap,https://www.trailblazeprep.com/certifications/health-cloud-ap,"Salesforce Health Cloud AP (Winter '26)",39,"Prepare for the Salesforce Certified Health Cloud Accredited Professional exam with a Winter '26-updated study guide, section-wise weightage, and free practi...",160
heroku-architect,https://www.trailblazeprep.com/certifications/heroku-architect,"Salesforce Heroku Architect (Winter '26)",40,"Prepare for the Salesforce Certified Heroku Architect exam with a Winter '26-updated study guide, section-wise weightage, and free practice questions. No sig...",160
heroku-developer-ap,https://www.trailblazeprep.com/certifications/heroku-developer-ap,"Salesforce Heroku Developer AP (Winter '26)",43,"Prepare for the Salesforce Certified Heroku Developer Accredited Professional exam with a Winter '26-updated study guide, section-wise weightage, and free pr...",160
identity-access-management-architect,https://www.trailblazeprep.com/certifications/identity-access-management-architect,"Identity & Access Mgmt Architect (Winter '26)",45,"Prepare for IAM Architect with Winter '26 scenarios on SSO, OAuth, and access design. Use practice questions and focused exam tips. Start now.",142
industries-cpq-developer,https://www.trailblazeprep.com/certifications/industries-cpq-developer,"Salesforce Industries CPQ Developer (Winter '26)",48,"Prepare for the Salesforce Certified Industries CPQ Developer exam with a Winter '26-updated study guide, section-wise weightage, and free practice questions...",160
integration-architect,https://www.trailblazeprep.com/certifications/integration-architect,"Salesforce Integration Architect (Winter '26)",45,"Prepare for the Salesforce Certified Integration Architect exam with a Winter '26-updated study guide, section-wise weightage, and free practice questions. N...",160
javascript-developer-i,https://www.trailblazeprep.com/certifications/javascript-developer-i,"Salesforce JavaScript Developer I (Winter '26)",46,"Prepare for the Salesforce Certified JavaScript Developer I exam with a Winter '26-updated study guide, section-wise weightage, and free practice questions. ...",160
loyalty-management-ap,https://www.trailblazeprep.com/certifications/loyalty-management-ap,"Salesforce Loyalty Management AP (Winter '26)",45,"Prepare for the Salesforce Certified Loyalty Management Accredited Professional exam with a Winter '26-updated study guide, section-wise weightage, and free ...",160
manufacturing-cloud-ap,https://www.trailblazeprep.com/certifications/manufacturing-cloud-ap,"Salesforce Manufacturing Cloud AP (Winter '26)",46,"Prepare for the Salesforce Certified Manufacturing Cloud Accredited Professional exam with a Winter '26-updated study guide, section-wise weightage, and free...",160
marketing-cloud-advanced-cross-channel-ap,https://www.trailblazeprep.com/certifications/marketing-cloud-advanced-cross-channel-ap,"Marketing Cloud Advanced Cross Channel AP (Winter '26)",54,"Prepare for the Salesforce Certified Marketing Cloud Advanced Cross Channel Accredited Professional exam with a Winter '26-updated study guide, section-wise ...",160
marketing-cloud-consultant,https://www.trailblazeprep.com/certifications/marketing-cloud-consultant,"Marketing Cloud Consultant Guide (Winter '26 Update)",52,"Master the Marketing Cloud Consultant exam. Includes free practice tests, exam fees, and registration details updated for the Winter '26 release. Start free ...",160
marketing-cloud-engagement-admin,https://www.trailblazeprep.com/certifications/marketing-cloud-engagement-admin,"Salesforce Marketing Cloud Engagement Admin (Winter '26)",56,"Prepare for the Salesforce Certified Marketing Cloud Engagement Admin exam with a Winter '26-updated study guide, section-wise weightage, and free practice q...",160
marketing-cloud-engagement-developer,https://www.trailblazeprep.com/certifications/marketing-cloud-engagement-developer,"Salesforce Marketing Cloud Engagement Developer (Winter '26)",60,"Prepare for the Salesforce Certified Marketing Cloud Engagement Developer exam with a Winter '26-updated study guide, section-wise weightage, and free practi...",160
marketing-cloud-engagement-foundations,https://www.trailblazeprep.com/certifications/marketing-cloud-engagement-foundations,"Marketing Cloud Engagement Foundations (Winter '26)",51,"Prepare for the Salesforce Certified Marketing Cloud Engagement Foundations exam with a Winter '26-updated study guide, section-wise weightage, and free prac...",160
marketing-cloud-intelligence-ap,https://www.trailblazeprep.com/certifications/marketing-cloud-intelligence-ap,"Salesforce Marketing Cloud Intelligence AP (Winter '26)",55,"Prepare for the Salesforce Certified Marketing Cloud Intelligence Accredited Professional exam with a Winter '26-updated study guide, section-wise weightage,...",160
marketing-cloud-personalization-ap,https://www.trailblazeprep.com/certifications/marketing-cloud-personalization-ap,"Salesforce Marketing Cloud Personalization AP (Winter '26)",58,"Prepare for the Salesforce Certified Marketing Cloud Personalization Accredited Professional exam with a Winter '26-updated study guide, section-wise weighta...",160
media-cloud-ap,https://www.trailblazeprep.com/certifications/media-cloud-ap,"Salesforce Media Cloud AP (Winter '26)",38,"Prepare for the Salesforce Certified Media Cloud Accredited Professional exam with a Winter '26-updated study guide, section-wise weightage, and free practic...",160
mulesoft-catalyst-consultant,https://www.trailblazeprep.com/certifications/mulesoft-catalyst-consultant,"Salesforce MuleSoft Catalyst Consultant (Winter '26)",52,"Prepare for the Salesforce Certified MuleSoft Catalyst Consultant exam with a Winter '26-updated study guide, section-wise weightage, and free practice quest...",160
mulesoft-developer-i,https://www.trailblazeprep.com/certifications/mulesoft-developer-i,"Salesforce MuleSoft Developer I (Winter '26)",44,"Prepare for the Salesforce Certified MuleSoft Developer I exam with a Winter '26-updated study guide, section-wise weightage, and free practice questions. No...",160
mulesoft-developer-ii,https://www.trailblazeprep.com/certifications/mulesoft-developer-ii,"Salesforce MuleSoft Developer II (Winter '26)",45,"Prepare for the Salesforce Certified MuleSoft Developer II exam with a Winter '26-updated study guide, section-wise weightage, and free practice questions. N...",160
mulesoft-hyperautomation-developer,https://www.trailblazeprep.com/certifications/mulesoft-hyperautomation-developer,"MuleSoft Hyperautomation Dev Practice (Winter '26)",50,"Tackle MuleSoft Hyperautomation with confidence. Get Winter '26 exam topics, free practice questions, and practical prep guidance. Start now.",141
mulesoft-integration-architect,https://www.trailblazeprep.com/certifications/mulesoft-integration-architect,"Salesforce MuleSoft Integration Architect (Winter '26)",54,"Prepare for the Salesforce Certified MuleSoft Platform Integration Architect exam with a Winter '26-updated study guide, section-wise weightage, and free pra...",160
mulesoft-integration-foundations,https://www.trailblazeprep.com/certifications/mulesoft-integration-foundations,"MuleSoft Foundations: Winter '26 Exam Fees & Prep",49,"Find MuleSoft Integration Foundations Winter '26 exam fees and code, plus free practice questions and study tips to pass on your first try. Start free practi...",160
mulesoft-platform-architect,https://www.trailblazeprep.com/certifications/mulesoft-platform-architect,"Salesforce MuleSoft Platform Architect (Winter '26)",51,"Prepare for the Salesforce Certified MuleSoft Platform Architect exam with a Winter '26-updated study guide, section-wise weightage, and free practice questi...",160
net-zero-cloud-ap,https://www.trailblazeprep.com/certifications/net-zero-cloud-ap,"Salesforce Net Zero Cloud AP (Winter '26)",41,"Prepare for the Salesforce Certified Net Zero Cloud Accredited Professional exam with a Winter '26-updated study guide, section-wise weightage, and free prac...",160
nonprofit-cloud,https://www.trailblazeprep.com/certifications/nonprofit-cloud,"Salesforce Nonprofit Cloud Consultant (Winter '26)",50,"Prepare for the Salesforce Certified Nonprofit Cloud Consultant exam with a Winter '26-updated study guide, section-wise weightage, and free practice questio...",160
nonprofit-success-pack-consultant,https://www.trailblazeprep.com/certifications/nonprofit-success-pack-consultant,"Salesforce Nonprofit Success Pack (NPSP) (Winter '26)",53,"Prepare for the Salesforce Certified Nonprofit Success Pack (NPSP) Consultant exam with a Winter '26-updated study guide, section-wise weightage, and free pr...",160
omnistudio-consultant,https://www.trailblazeprep.com/certifications/omnistudio-consultant,"Salesforce OmniStudio Consultant (Winter '26)",45,"Prepare for the Salesforce Certified OmniStudio Consultant exam with a Winter '26-updated study guide, section-wise weightage, and free practice questions. N...",160
omnistudio-developer,https://www.trailblazeprep.com/certifications/omnistudio-developer,"Salesforce OmniStudio Developer (Winter '26)",44,"Prepare for the Salesforce Certified OmniStudio Developer exam with a Winter '26-updated study guide, section-wise weightage, and free practice questions. No...",160
order-management-admin-ap,https://www.trailblazeprep.com/certifications/order-management-admin-ap,"Salesforce Order Management Admin AP (Winter '26)",49,"Prepare for the Salesforce Certified Order Management Administrator Accredited Professional exam with a Winter '26-updated study guide, section-wise weightag...",160
order-management-developer-ap,https://www.trailblazeprep.com/certifications/order-management-developer-ap,"Salesforce Order Management Developer AP (Winter '26)",53,"Prepare for the Salesforce Certified Order Management Developer Accredited Professional exam with a Winter '26-updated study guide, section-wise weightage, a...",160
pardot-consultant,https://www.trailblazeprep.com/certifications/pardot-consultant,"Pardot Consultant Study Guide & Prep (Winter '26)",49,"Get the latest Winter '26 Pardot Consultant prep. Free practice exams, exam fees, and strategic study tips for the newest Salesforce release. Start free prac...",160
pardot-specialist,https://www.trailblazeprep.com/certifications/pardot-specialist,"Pardot Specialist Practice Questions (Winter '26)",49,"Pass the Pardot Specialist exam on your first try. Access 100% free Winter '26 practice tests and a comprehensive guide for marketing experts. Start free pra...",160
platform-foundations,https://www.trailblazeprep.com/certifications/platform-foundations,"Salesforce Platform Foundations (Winter '26)",44,"Prepare for the Salesforce Certified Platform Foundations exam with a Winter '26-updated study guide, section-wise weightage, and free practice questions. No...",160
process-automation-ap,https://www.trailblazeprep.com/certifications/process-automation-ap,"Salesforce Process Automation AP (Winter '26)",45,"Prepare for the Salesforce Certified Process Automation Accredited Professional exam with a Winter '26-updated study guide, section-wise weightage, and free ...",160
public-sector-solutions-ap,https://www.trailblazeprep.com/certifications/public-sector-solutions-ap,"Salesforce Public Sector Solutions AP (Winter '26)",50,"Prepare for the Salesforce Certified Public Sector Solutions Accredited Professional exam with a Winter '26-updated study guide, section-wise weightage, and ...",160
revenue-cloud-consultant,https://www.trailblazeprep.com/certifications/revenue-cloud-consultant,"Salesforce Revenue Cloud Consultant (Winter '26)",48,"Prepare for the Salesforce Certified Revenue Cloud Consultant exam with a Winter '26-updated study guide, section-wise weightage, and free practice questions...",160
sales-cloud,https://www.trailblazeprep.com/certifications/sales-cloud,"Sales Cloud Consultant Practice Exam: Winter '26",48,"Ace the Sales Cloud Consultant certification. Includes updated Winter '26 practice questions, exam tips, and free study guides for the current release. Start...",160
sales-foundations,https://www.trailblazeprep.com/certifications/sales-foundations,"Salesforce Sales Foundations (Winter '26)",41,"Prepare for the Salesforce Certified Sales Foundations exam with a Winter '26-updated study guide, section-wise weightage, and free practice questions. No si...",160
service-cloud,https://www.trailblazeprep.com/certifications/service-cloud,"Salesforce Service Cloud Consultant (Winter '26)",48,"Prepare for the Salesforce Certified Service Cloud Consultant (Service Cloud Consultant) exam with a Winter '26-updated study guide, section-wise weightage, ...",160
sharing-visibility-architect,https://www.trailblazeprep.com/certifications/sharing-visibility-architect,"Sharing & Visibility Architect Prep: Winter '26",47,"Master sharing model scenarios for Winter '26. Practice architect-level questions and prepare with focused guidance on visibility design decisions. Start fre...",160
slack-administrator,https://www.trailblazeprep.com/certifications/slack-administrator,"Salesforce Slack Administrator (Winter '26)",43,"Prepare for the Salesforce Certified Slack Administrator exam with a Winter '26-updated study guide, section-wise weightage, and free practice questions. No ...",160
slack-consultant,https://www.trailblazeprep.com/certifications/slack-consultant,"Salesforce Slack Consultant (Winter '26)",40,"Prepare for the Salesforce Certified Slack Consultant exam with a Winter '26-updated study guide, section-wise weightage, and free practice questions. No sig...",160
slack-developer,https://www.trailblazeprep.com/certifications/slack-developer,"Free Salesforce Slack Developer Study Guide (Winter '26)",56,"Looking for affordable Slack Developer prep? Get our free Winter '26 study guide, exam breakdowns, and practice tips to pass your certification. Start free p...",160
strategy-designer,https://www.trailblazeprep.com/certifications/strategy-designer,"Salesforce Platform Strategy Designer (Winter '26)",50,"Prepare for the Salesforce Certified Platform Strategy Designer exam with a Winter '26-updated study guide, section-wise weightage, and free practice questio...",160
system-architect,https://www.trailblazeprep.com/certifications/system-architect,"Salesforce System Architect (Winter '26)",40,"Prepare for the Salesforce Certified System Architect exam with a Winter '26-updated study guide, section-wise weightage, and free practice questions. No sig...",160
tableau-architect,https://www.trailblazeprep.com/certifications/tableau-architect,"Salesforce Tableau Architect (Winter '26)",41,"Prepare for the Salesforce Certified Tableau Architect exam with a Winter '26-updated study guide, section-wise weightage, and free practice questions. No si...",160
tableau-consultant,https://www.trailblazeprep.com/certifications/tableau-consultant,"Salesforce Tableau Consultant (Winter '26)",42,"Prepare for the Salesforce Certified Tableau Consultant exam with a Winter '26-updated study guide, section-wise weightage, and free practice questions. No s...",160
tableau-data-analyst,https://www.trailblazeprep.com/certifications/tableau-data-analyst,"Tableau Data Analyst Practice Questions (Winter '26)",52,"Master the Tableau Data Analyst exam with updated Winter '26 practice questions, detailed explanations, and exam weightage. Start practicing free today.",152
tableau-desktop-foundations,https://www.trailblazeprep.com/certifications/tableau-desktop-foundations,"Salesforce Tableau Desktop Foundations (Winter '26)",51,"Prepare for the Salesforce Certified Tableau Desktop Foundations exam with a Winter '26-updated study guide, section-wise weightage, and free practice questi...",160
tableau-server-administrator,https://www.trailblazeprep.com/certifications/tableau-server-administrator,"Salesforce Tableau Server Administrator (Winter '26)",52,"Prepare for the Salesforce Certified Tableau Server Administrator exam with a Winter '26-updated study guide, section-wise weightage, and free practice quest...",160
technical-architect,https://www.trailblazeprep.com/certifications/technical-architect,"Salesforce Technical Architect (CTA) Guide (Winter '26)",55,"Prepare for the Salesforce Certified Technical Architect (CTA) (CTA) exam with a Winter '26-updated study guide, section-wise weightage, and free practice qu...",160
technical-architect-evaluation,https://www.trailblazeprep.com/certifications/technical-architect-evaluation,"CTA Architect Evaluation (Winter '26)",37,"Prepare for the Salesforce Certified Technical Architect - Architect Evaluation (CTA Evaluation) exam with a Winter '26-updated study guide, section-wise wei...",160
technical-architect-review-board,https://www.trailblazeprep.com/certifications/technical-architect-review-board,"Salesforce CTA Review Board Prep (Winter '26)",45,"Prepare for the Salesforce CTA Review Board with format details, prep path, and Winter '26 success tips. Get focused guidance before your board date. Start f...",160
ux-designer,https://www.trailblazeprep.com/certifications/ux-designer,"Salesforce UX Designer (Winter '26)",35,"Prepare for the Salesforce Certified User Experience (UX) Designer exam with a Winter '26-updated study guide, section-wise weightage, and free practice ques...",160
