URL	Google Title	Title Length	Google Description	Desc Length
/	Free Salesforce Cert Practice Tests | Trailblaze Prep	53	Free Salesforce certification prep: Spring '26 exam weightage, practice questions, and study guides for Admin, Developer, Consultant & Architect.	145
/about	About Trailblaze Prep | Salesforce Certification Prep	53	Trailblaze Prep helps you pass Salesforce certifications with free practice questions, exam weightage, and study guides for Admin, Developer, and more.	151
/adm-201-exam-tips	How to Pass Platform Administrator: 3 Concepts Candidates F…	60	ADM-201 exam tips for Spring '26: study plan, high-weight topics, scenario strategy, time management, and mock-test targets to help you pass first attempt.	155
/adm-201-study-guide	Platform Administrator Study Guide [Spring '26]	47	ADM-201 study guide (Spring '26): all 7 exam sections, key topics, and exam scenario strategies. Start free practice today.	123
/adm-201-vs-app-builder	ADM-201 vs App Builder: Which Cert to Take First?	49	Compare ADM-201 and DEV-402 by difficulty, exam focus, career outcomes, and study time to choose the right first Salesforce certification.	138
/admin-certification-path	Salesforce Admin Cert Path: Spring '26 Roadmap	46	Salesforce admin cert path (Spring '26): right order for ADM-201, Advanced Admin, App Builder, and beyond. Start free practice.	127
/administrator-vs-advanced-administrator	Administrator vs Advanced Administrator: Which Next?	52	Compare Salesforce Administrator (ADM-201) and Advanced Administrator: difficulty, topics, career value, study time. When to upgrade.	133
/advanced-administrator-exam-tips	How to Pass Advanced Administrator: 3 Concepts Candidates F…	60	Salesforce Advanced Administrator (ADM-211) exam tips for Spring '26: security, automation, data management Free practice questions.	132
/advanced-administrator-study-guide	Advanced Administrator Study Guide [Spring '26]	47	Advanced Administrator study guide: 7 exam sections, automation, security, data management, scenario strategies to pass first attempt.	134
/advanced-field-service-ap-exam-tips	How to Pass Advanced Field Service Accredited Professional:…	60	Salesforce Advanced Field Service Accredited Professional exam tips for Spring '26: advanced scheduling, resource optimisation, asset management.	145
/agentforce-specialist-exam-tips	How to Pass Agentforce Specialist: 3 Concepts Candidates Fa…	60	Agentforce Specialist exam tips (Spring '26): Einstein Copilot, agent actions, flow automation, and exam topics. Start free now.	128
/agentforce-specialist-study-guide	Agentforce Specialist Study Guide [Spring '26]	46	Agentforce Specialist study guide: 5 sections, Agent Builder, topics, testing strategies. Pass first attempt Free practice questions.	133
/agentforce-specialist-vs-ai-associate	Agentforce vs AI Associate (Spring '26) | Which First?	54	Agentforce vs AI Associate: exam difficulty, AI scope, career impact. Which Salesforce AI cert to take first Free practice questions.	133
/ai-associate-exam-tips	How to Pass AI Associate: 3 Concepts Candidates Fail	52	Salesforce AI Associate exam tips for Spring '26: AI fundamentals, Einstein AI, responsible AI, data ethics Free practice questions.	132
/ai-associate-study-guide	AI Associate Study Guide [Spring '26]	37	AI Associate study guide: 4 sections, AI fundamentals, Einstein AI, ethical AI. Pass first attempt Free practice questions.	123
/app-builder-exam-tips	How to Pass Platform App Builder: 3 Concepts Candidates Fail	60	DEV-402 exam tips (Spring '26): 4-week study plan, scenario strategies, and high-weight topic focus. Start free practice now.	125
/app-builder-study-guide	Platform App Builder Study Guide [Spring '26]	45	App Builder study guide (Spring '26): all 5 exam sections, Flow Builder, Lightning App Builder, and scenario strategy. Free practice questions included.	152
/app-builder-vs-developer-i	App Builder vs Platform Developer I (Spring '26)	48	App Builder vs Platform Developer I: exam scope, coding needs, difficulty, career paths. Which cert first for your Salesforce career.	133
/application-architect-exam-tips	How to Pass Application Architect: 3 Concepts Candidates Fa…	60	Salesforce Application Architect exam tips for Spring '26: declarative design, Apex patterns, data modelling Free practice questions.	133
/application-architect-study-guide	Application Architect Study Guide [Spring '26]	46	Application Architect study guide: 4 required domain exams, key topics, study order, preparation strategy Free practice questions.	130
/architect-certification-path	Salesforce Architect Cert Path: Spring '26 Roadmap	50	Salesforce architect certification path (Spring '26): right order for Application Architect, System Architect, and CTA components. Start free practice now.	155
/b2b-commerce-admin-ap-exam-tips	How to Pass B2B Commerce Admin Accredited Professional: 3 C…	60	Salesforce B2B Commerce Administrator AP exam tips for Spring '26: storefront setup, product catalogue, pricing, buyer management.	130
/b2b-commerce-developer-ap-exam-tips	How to Pass B2B Commerce Developer Accredited Professional:…	60	Salesforce B2B Commerce Developer AP exam tips for Spring '26: LWC customisation, headless commerce, cart and checkout APIs.	124
/b2b-solution-architect-exam-tips	How to Pass B2B Solution Architect: 3 Concepts Candidates F…	60	Salesforce B2B Solution Architect exam tips for Spring '26: multi-cloud B2B architecture, Sales Cloud, CPQ, Marketing Cloud B2B.	128
/b2b-solution-architect-study-guide	B2B Solution Architect Study Guide [Spring '26]	47	B2B Solution Architect study guide: cross-cloud B2B design, CPQ, Revenue Cloud, partner portals. $400, ~68% pass Free practice questions.	137
/b2b-vs-b2c-solution-architect	B2B vs B2C Solution Architect Certification (Spring '26)	56	B2B vs B2C Solution Architect: exam format, skills, industry focus. Which architect cert to pursue in 2026 Free practice questions.	131
/b2c-commerce-architect-exam-tips	How to Pass B2C Commerce Architect: 3 Concepts Candidates F…	60	Salesforce B2C Commerce Architect exam tips for Spring '26: SFRA architecture, performance, security, integrations Free practice questions.	139
/b2c-commerce-architect-study-guide	B2C Commerce Architect Study Guide [Spring '26]	47	B2C Commerce Architect study guide: exam sections, solution architecture, integrations, performance, security. Pass in 2026.	124
/b2c-commerce-developer-exam-tips	How to Pass B2C Commerce Developer: 3 Concepts Candidates F…	60	Salesforce B2C Commerce Developer exam tips for Spring '26: SFRA, cartridges, controllers, ISML templates Free practice questions.	130
/b2c-commerce-developer-study-guide	B2C Commerce Developer Study Guide [Spring '26]	47	Salesforce B2C Commerce Developer (SFCC) study guide (Spring '26): SFRA, cartridges, ISML, OCAPI, Business Manager. $200 fee, 60 questions, ~65% passing score.	159
/b2c-solution-architect-exam-tips	How to Pass B2C Solution Architect: 3 Concepts Candidates F…	60	Salesforce B2C Solution Architect exam tips for Spring '26: multi-cloud B2C architecture, Commerce Cloud, Marketing Cloud, Service Cloud.	137
/b2c-solution-architect-study-guide	B2C Solution Architect Study Guide [Spring '26]	47	B2C Solution Architect study guide: Commerce Cloud, Marketing Cloud, personalisation, omnichannel. $400, ~68% pass Free practice questions.	139
/become-cta	Become a Salesforce CTA | Trailblaze Prep	41	Complete path to Salesforce CTA certification from beginner to board review. Covers Admin, Developer, Domain & System Architect prerequisites.	142
/business-analyst-exam-tips	How to Pass Business Analyst: 3 Concepts Candidates Fail	56	Salesforce Business Analyst exam tips for Spring '26: user stories, process mapping, collaboration. Scenario tips to pass first attempt.	136
/business-analyst-study-guide	Business Analyst Study Guide [Spring '26]	41	Business Analyst study guide: 7 exam sections, 8-week plan, scenario tips, free practice. $200, 60 questions. Pass first attempt.	129
/business-analyst-vs-strategy-designer	Business Analyst vs Strategy Designer: Which Cert?	50	Business Analyst vs Strategy Designer: what each tests, roles they target, difficulty. Which to prioritise for your career.	123
/certification-comparison	Salesforce Certification Comparison Guide (Spring '26)	54	Side-by-side Salesforce certification comparisons: difficulty, exam scope, career outcomes, and which to take first. All 20 comparisons in one place.	149
/certification-path	Salesforce Certification Paths | Trailblaze Prep	48	Salesforce certification paths from Admin to CTA. Plan your journey from foundational to advanced certifications including Developer, Architect, and more.	154
/certifications	All Salesforce Certifications (Spring '26) | Free Practice	58	Browse 90+ Salesforce certifications by role: Spring '26 weightage, free practice, study guides. Find your cert path.	117
/certifications/administrator	Free ADM-201 Practice Test Practice Exam 2026	45	Free ADM-201 Practice Test practice exam: 60 questions, ~65% passing score, 105 min. $200 fee. Spring '26 — no sign-up. Start free practice now.	144
/certifications/advanced-administrator	Free ADM-211 Advanced Admin Practice Exam 2026	46	Free ADM-211 Advanced Admin practice exam: 60 questions, ~65% passing score, 105 min. $200 fee. Spring '26 — no sign-up. Start free practice now.	145
/certifications/advanced-field-service-ap	Free Advanced Field Service AP Practice Exam 2026	49	Advanced Field Service AP exam prep: covers work order lifecycle, scheduling optimization & mobile worker tools. 60 Qs, ~65% pass, 90 min. $150 fee. Spring '...	160
/certifications/agentforce-specialist	Free Agentforce Specialist Practice Exam 2026	45	Free Agentforce Specialist practice exam: 60 questions, ~65% passing score, 105 min. $200 fee. Spring '26 — no sign-up. Start free practice now.	144
/certifications/ai-associate	Free AI Associate Practice Exam 2026	36	Free AI Associate practice exam: 60 questions, ~65% passing score, 105 min. $200 fee. Spring '26 — no sign-up. Start free practice now.	135
/certifications/app-builder	Platform App Builder: DEV-402 Free Practice (Spring '26)	56	Platform App Builder certification (DEV-402): 60 questions, 105 min, 65% passing. Start free — 15 sample questions, no sign-up. Spring '26 study guide.	151
/certifications/application-architect	Free Application Architect Practice Exam 2026	45	Free Application Architect practice exam: 60 questions, ~68% passing score, 120 min. $400 fee. Spring '26 — no sign-up. Start free practice now.	144
/certifications/b2b-commerce-admin-ap	Free B2B Commerce Admin AP Practice Exam 2026	45	B2B Commerce Admin AP exam prep: covers storefront setup, catalog management, buyer groups & entitlements. 60 Qs, ~65% pass, 90 min. $150 fee. Spring '26 gui...	160
/certifications/b2b-commerce-developer-ap	Free B2B Commerce Dev AP Practice Exam 2026	43	B2B Commerce Developer AP exam prep: covers storefront customization, APIs, checkout & integration. 60 Qs, ~65% pass, 90 min. $150 fee. Spring '26 guide. Sta...	160
/certifications/b2b-solution-architect	Free B2B Solution Architect Practice Exam 2026	46	Free B2B Solution Architect practice exam: 60 questions, ~65% passing score, 105 min. $400 fee. Spring '26 — no sign-up. Start free practice now.	145
/certifications/b2c-commerce-architect	Free B2C Commerce Architect Practice Exam 2026	46	Free B2C Commerce Architect practice exam: 60 questions, ~65% passing score, 105 min. $400 fee. Spring '26 — no sign-up. Start free practice now.	145
/certifications/b2c-commerce-developer	Free B2C Commerce Developer Practice Exam 2026	46	Free B2C Commerce Developer practice exam: 60 questions, ~65% passing score, 105 min. $200 fee. Spring '26 — no sign-up. Start free practice now.	145
/certifications/b2c-solution-architect	Free B2C Solution Architect Practice Exam 2026	46	Free B2C Solution Architect practice exam: 60 questions, ~65% passing score, 105 min. $400 fee. Spring '26 — no sign-up. Start free practice now.	145
/certifications/business-analyst	Business Analyst Certification: Free Practice (Spring '26)	58	Business Analyst certification: Free practice exam — no sign-up. 60 questions, ~65% passing, 105 min. Sample Qs & Spring '26 study guide. Start free practice...	160
/certifications/communications-cloud-ap	Free Communications Cloud AP Practice Exam 2026	47	Communications Cloud AP exam prep: covers telecom billing, subscriptions, product catalog & order management. 60 Qs, ~65% pass, 90 min. $150 fee. Spring '26 ...	160
/certifications/consumer-goods-cloud-ap	Free Consumer Goods Cloud AP Practice Exam 2026	47	Consumer Goods Cloud AP exam prep: covers retail execution, visits, surveys & route accounting. 60 Qs, ~65% pass, 90 min. $150 fee. Spring '26 guide. Start f...	160
/certifications/consumer-goods-tpm-ap	Free Consumer Goods TPM AP Practice Exam 2026	45	Consumer Goods TPM AP exam prep: covers trade promotion planning, fund management & deductions. 60 Qs, ~65% pass, 90 min. $150 fee. Spring '26 guide. Start f...	160
/certifications/contact-center-ap	Free Contact Center AP Practice Exam 2026	41	Contact Center AP exam prep: covers Service Cloud Voice, CTI, omni-channel routing & agent experience. 60 Qs, ~65% pass, 90 min. $150 fee. Spring '26 guide. ...	160
/certifications/cpq-administrator	CPQ Admin Certification: Free Practice (Spring '26)	51	CPQ certification: Free Salesforce CPQ Administrator practice. Start free — 15 sample questions, 60 exam Q, ~65% passing. Spring '26 study guide. $200 fee.	155
/certifications/cpq-billing-ap	Free CPQ & Billing AP Practice Exam 2026	40	CPQ & Billing AP exam prep: covers configure-price-quote, subscription billing, amendments & renewals. 60 Qs, ~65% pass, 90 min. $150 fee. Spring '26 guide. ...	160
/certifications/crm-analytics-einstein-discovery-consultant	Free CRM Analytics Practice Exam 2026	37	Free CRM Analytics practice exam: 60 questions, ~65% passing score, 105 min. $200 fee. Spring '26 — no sign-up. Start free practice now.	136
/certifications/data-360-consultant	Free Data Cloud Consultant Practice Exam 2026	45	Free Data Cloud Consultant practice exam: 60 questions, ~65% passing score, 105 min. $200 fee. Spring '26 — no sign-up. Start free practice now.	144
/certifications/data-architect	Data Architect Certification: Free Practice (Spring '26)	56	Salesforce Data Architect: Free practice exam — no sign-up. 60 questions, ~68% passing. $400 fee. Sample Qs & Spring '26 study guide. Start free practice now.	158
/certifications/dev-lifecycle-deployment-architect	Free Dev Lifecycle Arch Practice Exam 2026	42	Free Dev Lifecycle Arch practice exam: 60 questions, ~68% passing score, 120 min. $400 fee. Spring '26 — no sign-up. Start free practice now.	141
/certifications/developer-1	Free Platform Developer I (PD1) Practice Exam 2026	50	Free Platform Developer I (PD1) practice exam: 60 questions, ~65% passing score, 105 min. $200 fee. Spring '26 — no sign-up. Start free practice now.	149
/certifications/developer-2	Free Platform Developer II (PD2) Practice Exam 2026	51	Free Platform Developer II (PD2) practice exam: 60 questions, ~65% passing score, 105 min. $200 fee. Spring '26 — no sign-up. Start free practice now.	150
/certifications/education-cloud-consultant	Free Education Cloud Consult Practice Exam 2026	47	Free Education Cloud Consult practice exam: 60 questions, ~65% passing score, 105 min. $200 fee. Spring '26 — no sign-up. Start free practice now.	146
/certifications/email-specialist	Free Email Spec Practice Practice Exam 2026	43	Free Email Spec Practice practice exam: 60 questions, ~65% passing score, 105 min. $200 fee. Spring '26 — no sign-up. Start free practice now.	142
/certifications/energy-utilities-ap	Free Energy & Utilities AP Practice Exam 2026	45	Energy & Utilities AP exam prep: covers meter management, rates, service agreements & billing. 60 Qs, ~65% pass, 90 min. $150 fee. Spring '26 guide. Start fr...	160
/certifications/experience-cloud	Experience Cloud Certification: Free Practice (Spring '26)	58	Salesforce Experience Cloud certification: Free practice (60 questions, ~65% passing, 105 min). Start free — sample questions & Spring '26 study guide.	151
/certifications/field-service	Free Field Service Consultant Practice Exam 2026	48	Free Field Service Consultant practice exam: 60 questions, ~65% passing score, 105 min. $200 fee. Spring '26 — no sign-up. Start free practice now.	147
/certifications/financial-services-cloud-ap	Free Financial Services AP Practice Exam 2026	45	Financial Services Cloud AP exam prep: covers wealth management, insurance, mortgages & referral management. 60 Qs, ~65% pass, 90 min. $150 fee. Spring '26 g...	160
/certifications/health-cloud-ap	Free Health Cloud AP Practice Exam 2026	39	Health Cloud AP exam prep: covers patient management, care coordination, care plans & provider search. 60 Qs, ~65% pass, 90 min. $150 fee. Spring '26 guide. ...	160
/certifications/heroku-architect	Free Heroku Architect Practice Exam 2026	40	Free Heroku Architect practice exam: 60 questions, ~65% passing score, 105 min. $400 fee. Spring '26 — no sign-up. Start free practice now.	139
/certifications/heroku-developer-ap	Free Heroku Developer AP Practice Exam 2026	43	Heroku Developer AP exam prep: covers dynos, pipelines, add-ons, deployment & Heroku Postgres. 60 Qs, ~65% pass, 90 min. $150 fee. Spring '26 guide. Start fr...	160
/certifications/identity-access-management-architect	Free Identity & Access Arch Practice Exam 2026	46	Free Identity & Access Arch practice exam: 60 questions, ~68% passing score, 120 min. $400 fee. Spring '26 — no sign-up. Start free practice now.	145
/certifications/industries-cpq-developer	Free Industries CPQ Developer Practice Exam 2026	48	Free Industries CPQ Developer practice exam: 60 questions, ~65% passing score, 105 min. $200 fee. Spring '26 — no sign-up. Start free practice now.	147
/certifications/integration-architect	Integration Architect Cert: Free Practice (Spring '26)	54	Integration Architect: Free practice exam — no sign-up. 60 Qs, ~68% passing. $400 fee. Sample Qs & Spring '26 guide. Start free practice now.	141
/certifications/javascript-developer-i	Free JavaScript Developer I Practice Exam 2026	46	Free JavaScript Developer I practice exam: 60 questions, ~68% passing score, 105 min. $200 fee. Spring '26 — no sign-up. Start free practice now.	145
/certifications/loyalty-management-ap	Free Loyalty Management AP Practice Exam 2026	45	Loyalty Management AP exam prep: covers loyalty programs, points, tiers, member benefits & partner integration. 60 Qs, ~65% pass, 90 min. $150 fee. Spring '2...	160
/certifications/manufacturing-cloud-ap	Free Manufacturing Cloud AP Practice Exam 2026	46	Manufacturing Cloud AP exam prep: covers run rate business, account-based forecasting & rebate management. 60 Qs, ~65% pass, 90 min. $150 fee. Spring '26 gui...	160
/certifications/marketing-cloud-advanced-cross-channel-ap	Free MC Cross Channel AP Practice Exam 2026	43	MC Advanced Cross-Channel AP exam prep: covers MC Advertising, Social, Push & Journey Builder integrations. 60 Qs, ~65% pass, 90 min. $150 fee. Spring '26 gu...	160
/certifications/marketing-cloud-consultant	Marketing Cloud Consultant: Free Practice (Spring '26)	54	Marketing Cloud Consultant: Free practice exam — no sign-up. 60 questions, 67% passing. Sample Qs, exam tips & Spring '26 study guide. Start free practice now.	159
/certifications/marketing-cloud-engagement-admin	Free MC Engagement Admin Practice Exam 2026	43	Free MC Engagement Admin practice exam: 60 questions, ~65% passing score, 105 min. $200 fee. Spring '26 — no sign-up. Start free practice now.	142
/certifications/marketing-cloud-engagement-developer	Free MC Engagement Dev Practice Exam 2026	41	Free MC Engagement Dev practice exam: 60 questions, ~67% passing score, 105 min. $200 fee. Spring '26 — no sign-up. Start free practice now.	140
/certifications/marketing-cloud-engagement-foundations	Free MC Foundations Practice Exam 2026	38	Free MC Foundations practice exam: 40 questions, ~65% passing score, 75 min. $200 fee. Spring '26 — no sign-up. Start free practice now.	136
/certifications/marketing-cloud-intelligence-ap	Free MC Intelligence AP Practice Exam 2026	42	MC Intelligence AP exam prep: covers Datorama data connectors, dashboards, KPI tracking & AI insights. 60 Qs, ~65% pass, 90 min. $150 fee. Spring '26 guide. ...	160
/certifications/marketing-cloud-personalization-ap	Free MC Personalization AP Practice Exam 2026	45	MC Personalization AP exam prep: covers real-time segmentation, Einstein decisions & Interaction Studio. 60 Qs, ~65% pass, 90 min. $150 fee. Spring '26 guide...	160
/certifications/media-cloud-ap	Free Media Cloud AP Practice Exam 2026	38	Media Cloud AP exam prep: covers media rights management, ad sales, revenue recognition & media orders. 60 Qs, ~65% pass, 90 min. $150 fee. Spring '26 guide....	160
/certifications/mulesoft-catalyst-consultant	Free MuleSoft Catalyst Consult Practice Exam 2026	49	Free MuleSoft Catalyst Consult practice exam: 60 questions, ~68% passing score, 120 min. $400 fee. Spring '26 — no sign-up. Start free practice now.	148
/certifications/mulesoft-developer-i	Free MuleSoft Developer I Practice Exam 2026	44	Free MuleSoft Developer I practice exam: 60 questions, ~70% passing score, 120 min. $200 fee. Spring '26 — no sign-up. Start free practice now.	143
/certifications/mulesoft-developer-ii	Free MuleSoft Developer II Practice Exam 2026	45	Free MuleSoft Developer II practice exam: 60 questions, ~70% passing score, 120 min. $200 fee. Spring '26 — no sign-up. Start free practice now.	144
/certifications/mulesoft-hyperautomation-developer	Free MuleSoft Hyperautomation Practice Exam 2026	48	Free MuleSoft Hyperautomation practice exam: 60 questions, ~68% passing score, 105 min. $200 fee. Spring '26 — no sign-up. Start free practice now.	147
/certifications/mulesoft-integration-architect	Free MuleSoft Integration Arch Practice Exam 2026	49	Free MuleSoft Integration Arch practice exam: 60 questions, ~68% passing score, 120 min. $400 fee. Spring '26 — no sign-up. Start free practice now.	148
/certifications/mulesoft-integration-foundations	Free MuleSoft Foundations Practice Exam 2026	44	Free MuleSoft Foundations practice exam: 40 questions, ~70% passing score, 70 min. $75 fee. Spring '26 — no sign-up. Start free practice now.	141
/certifications/mulesoft-platform-architect	Free MuleSoft Platform Arch Practice Exam 2026	46	Free MuleSoft Platform Arch practice exam: 60 questions, ~68% passing score, 120 min. $400 fee. Spring '26 — no sign-up. Start free practice now.	145
/certifications/net-zero-cloud-ap	Free Net Zero Cloud AP Practice Exam 2026	41	Net Zero Cloud AP exam prep: covers carbon accounting, emissions tracking, ESG reporting & sustainability goals. 60 Qs, ~65% pass, 90 min. $150 fee. Spring '...	160
/certifications/nonprofit-cloud	Free Nonprofit Cloud Consult Practice Exam 2026	47	Free Nonprofit Cloud Consult practice exam: 60 questions, ~65% passing score, 105 min. $200 fee. Spring '26 — no sign-up. Start free practice now.	146
/certifications/nonprofit-success-pack-consultant	Free NPSP Consultant Practice Exam 2026	39	Free NPSP Consultant practice exam: 60 questions, ~65% passing score, 105 min. $200 fee. Spring '26 — no sign-up. Start free practice now.	138
/certifications/omnistudio-consultant	Free OmniStudio Consultant Practice Exam 2026	45	Free OmniStudio Consultant practice exam: 60 questions, ~65% passing score, 105 min. $200 fee. Spring '26 — no sign-up. Start free practice now.	144
/certifications/omnistudio-developer	Free OmniStudio Developer Practice Exam 2026	44	Free OmniStudio Developer practice exam: 60 questions, ~65% passing score, 105 min. $200 fee. Spring '26 — no sign-up. Start free practice now.	143
/certifications/order-management-admin-ap	Free Order Mgmt Admin AP Practice Exam 2026	43	Order Management Admin AP exam prep: covers order lifecycle, fulfillment, returns & inventory management. 60 Qs, ~65% pass, 90 min. $150 fee. Spring '26 guid...	160
/certifications/order-management-developer-ap	Free Order Mgmt Dev AP Practice Exam 2026	41	Order Management Developer AP exam prep: covers OMS APIs, custom flows, integrations & developer toolkit. 60 Qs, ~65% pass, 90 min. $150 fee. Spring '26 guid...	160
/certifications/pardot-consultant	Pardot Consultant: Account Engagement Practice (Spring '26)	59	Pardot Consultant (Account Engagement): Free practice exam — no sign-up. 60 questions, 68% passing. Sample Qs & Spring '26 study guide. Start free practice now.	160
/certifications/pardot-specialist	Free Pardot Specialist Practice Exam 2026	41	Free Pardot Specialist practice exam: 60 questions, ~72% passing score, 90 min. $200 fee. Spring '26 — no sign-up. Start free practice now.	139
/certifications/platform-foundations	Free Platform Foundations Practice Exam 2026	44	Free Platform Foundations practice exam: 40 questions, ~65% passing score, 75 min. $75 fee. Spring '26 — no sign-up. Start free practice now.	141
/certifications/process-automation-ap	Free Process Automation AP Practice Exam 2026	45	Process Automation AP exam prep: covers Flow Builder, approval processes, automation rules & invocable actions. 60 Qs, ~65% pass, 90 min. $150 fee. Spring '2...	160
/certifications/public-sector-solutions-ap	Free Public Sector AP Practice Exam 2026	40	Public Sector Solutions AP exam prep: covers grants management, licensing, inspections & case management. 60 Qs, ~65% pass, 90 min. $150 fee. Spring '26 guid...	160
/certifications/revenue-cloud-consultant	Free Revenue Cloud Consult Practice Exam 2026	45	Free Revenue Cloud Consult practice exam: 60 questions, ~65% passing score, 105 min. $200 fee. Spring '26 — no sign-up. Start free practice now.	144
/certifications/role/accredited-professional	Salesforce Accredited Professional Certs (Spring '26)	53	Salesforce Accredited Professional certs: Field Service, B2B Commerce, Health Cloud + more. Free practice & study guides. Start free now.	137
/certifications/role/administrator	Salesforce Admin Certification: ADM-201 + More (Spring '26)	59	Salesforce Administrator certification: ADM-201, Advanced Admin (ADM-211), App Builder (DEV-402) + more. Free practice & study guides. Start free now.	150
/certifications/role/architect	Salesforce Architect Certification Path (Spring '26)	52	Salesforce Architect cert path to CTA: Application, System, Integration, Data Architect. Free practice — no sign-up. Start now.	127
/certifications/role/associate	Salesforce Associate Certification (Spring '26)	47	Salesforce Associate certification: Platform Foundations ($75) and AI Associate ($200). Free practice & study guides. Start free now.	133
/certifications/role/consultant	Salesforce Consultant Cert Path: Free Practice (Spring '26)	59	Certified Salesforce Consultant: all exams — Sales Cloud, Service Cloud, Experience Cloud + more. Free practice, no sign-up. Start now.	135
/certifications/role/designer	Salesforce Designer Certifications (Spring '26)	47	Salesforce Designer certifications: Platform Strategy Designer and UX Designer. Free practice & study guides. Start free now.	125
/certifications/role/developer	Salesforce Developer Certification (Spring '26)	47	Salesforce Developer certification: PD1, PD2, JavaScript Developer, MuleSoft, OmniStudio + more. Free practice & study guides. Start free now.	142
/certifications/role/marketing	Salesforce Marketing Cloud Certification (Spring '26)	53	Salesforce Marketing Cloud certifications: Email Specialist, Marketing Cloud Consultant, Pardot Specialist + more. Free practice & study guides. Start free now.	160
/certifications/role/sales	Salesforce Sales Certification Guide (Spring '26)	49	Salesforce Sales certification: Sales Cloud Consultant and Certified Sales Foundations. Free practice & study guides. Start free now.	133
/certifications/role/tableau	Salesforce Tableau Certification Guide (Spring '26)	51	Salesforce Tableau certification: Tableau Architect, Consultant, Data Analyst, Desktop Foundations + more. Free practice & study guides. Start free now.	152
/certifications/sales-cloud	Sales Cloud Consultant: Free Practice & Study (Spring '26)	58	Sales Cloud Consultant: Free practice exam — no sign-up. 60 questions, 68% passing. Sample Qs & Spring '26 study guide. $200 fee. Start free practice now.	154
/certifications/sales-foundations	Free Sales Foundations Practice Exam 2026	41	Free Sales Foundations practice exam: 60 questions, ~65% passing score, 90 min. $200 fee. Spring '26 — no sign-up. Start free practice now.	139
/certifications/service-cloud	Free Service Cloud Consultant Practice Exam 2026	48	Free Service Cloud Consultant practice exam: 60 questions, ~67% passing score, 105 min. $200 fee. Spring '26 — no sign-up. Start free practice now.	147
/certifications/sharing-visibility-architect	Free Sharing & Visibility Arch Practice Exam 2026	49	Free Sharing & Visibility Arch practice exam: 60 questions, ~68% passing score, 120 min. $400 fee. Spring '26 — no sign-up. Start free practice now.	148
/certifications/slack-administrator	Free Slack Administrator Practice Exam 2026	43	Free Slack Administrator practice exam: 60 questions, ~65% passing score, 105 min. $200 fee. Spring '26 — no sign-up. Start free practice now.	142
/certifications/slack-consultant	Free Slack Consultant Practice Exam 2026	40	Free Slack Consultant practice exam: 60 questions, ~65% passing score, 105 min. $200 fee. Spring '26 — no sign-up. Start free practice now.	139
/certifications/slack-developer	Free Slack Developer Practice Exam 2026	39	Free Slack Developer practice exam: 60 questions, ~68% passing score, 105 min. $200 fee. Spring '26 — no sign-up. Start free practice now.	138
/certifications/strategy-designer	Free Strategy Designer Practice Exam 2026	41	Free Strategy Designer practice exam: 60 questions, ~65% passing score, 105 min. $200 fee. Spring '26 — no sign-up. Start free practice now.	140
/certifications/system-architect	Salesforce System Architect: Free Practice (Spring '26)	55	Salesforce System Architect: Free practice exam — no sign-up. 60 questions, ~68% passing. $400 fee. Sample Qs & Spring '26 study guide. Start free practice now.	160
/certifications/tableau-architect	Free Tableau Architect Practice Exam 2026	41	Free Tableau Architect practice exam: 45 questions, ~70% passing score, 90 min. $250 fee. Spring '26 — no sign-up. Start free practice now.	139
/certifications/tableau-consultant	Free Tableau Consultant Practice Exam 2026	42	Free Tableau Consultant practice exam: 45 questions, ~70% passing score, 90 min. $250 fee. Spring '26 — no sign-up. Start free practice now.	140
/certifications/tableau-data-analyst	Free Tableau Data Analyst Practice Exam 2026	44	Free Tableau Data Analyst practice exam: 45 questions, ~70% passing score, 90 min. $250 fee. Spring '26 — no sign-up. Start free practice now.	142
/certifications/tableau-desktop-foundations	Free Tableau Desktop Found. Practice Exam 2026	46	Free Tableau Desktop Found. practice exam: 40 questions, ~65% passing score, 60 min. $100 fee. Spring '26 — no sign-up. Start free practice now.	144
/certifications/tableau-server-administrator	Free Tableau Server Admin Practice Exam 2026	44	Free Tableau Server Admin practice exam: 45 questions, ~70% passing score, 90 min. $250 fee. Spring '26 — no sign-up. Start free practice now.	142
/certifications/technical-architect	Free Technical Architect (CTA) Practice Exam 2026	49	Free Technical Architect (CTA) practice exam: Board exam questions, ~Board review% passing score, Board min. $6000 fee. Spring '26 — no sign-up. Start free p...	160
/certifications/technical-architect-evaluation	Free CTA Evaluation Practice Exam 2026	38	Free CTA Evaluation practice exam: Scenario + MC questions, ~Per exam% passing score, Timed min. $6000 fee. Spring '26 — no sign-up. Start free practice now.	157
/certifications/technical-architect-review-board	Free CTA Review Board Practice Exam 2026	40	Free CTA Review Board practice exam: Board scenario questions, ~Board decision% passing score, Board session min. $6000 fee. Spring '26 — no sign-up. Start f...	160
/certifications/ux-designer	Free UX Designer Practice Exam 2026	35	Free UX Designer practice exam: 60 questions, ~65% passing score, 105 min. $200 fee. Spring '26 — no sign-up. Start free practice now.	134
/communications-cloud-ap-exam-tips	How to Pass Communications Cloud Accredited Professional: 3…	60	Salesforce Communications Cloud Accredited Professional exam tips for Spring '26: order management, product catalogue, contract management.	139
/consultant-certification-path	Salesforce Consultant Cert Path (Spring '26): Which Order?	58	Salesforce consultant certification path (Spring '26): right order for Sales Cloud, Service Cloud, Experience Cloud, Field Service. Start free practice now.	156
/consumer-goods-cloud-ap-exam-tips	How to Pass Consumer Goods Cloud Accredited Professional: 3…	60	Salesforce Consumer Goods Cloud Accredited Professional exam tips for Spring '26: retail execution, visit management, KPI tracking.	131
/consumer-goods-tpm-ap-exam-tips	How to Pass Consumer Goods Cloud Trade Promotion Management…	60	Salesforce Consumer Goods Trade Promotion Management AP exam tips for Spring '26: trade promotions, fund management, settlements.	129
/contact	Contact Us | Trailblaze Prep	28	Contact Trailblaze Prep for questions about Salesforce certification prep, practice questions, and study guides for Admin, Developer, and Consultant exams.	155
/contact-center-ap-exam-tips	How to Pass Contact Center Accredited Professional: 3 Conce…	60	Salesforce Contact Center Accredited Professional exam tips for Spring '26: omni-channel routing, Service Cloud Voice, Einstein bots.	133
/cpq-admin-vs-cpq-billing-ap	CPQ Admin vs CPQ & Billing AP: Which Cert to Take?	50	Compare Salesforce CPQ Administrator and CPQ & Billing AP: what each tests, exam format differences, which to target for Revenue Cloud.	135
/cpq-admin-vs-revenue-cloud-consultant	CPQ Admin vs Revenue Cloud Consultant (Spring '26)	50	Salesforce CPQ Administrator vs Revenue Cloud Consultant comparison (Spring '26): skills, difficulty, overlap, and which cert to take for quote-to-cash roles.	158
/cpq-administrator-exam-tips	How to Pass CPQ Administrator: 3 Concepts Candidates Fail	57	Salesforce CPQ Specialist exam tips for Spring '26: product catalogue, pricing rules, quote configuration Free practice questions.	130
/cpq-administrator-study-guide	CPQ Administrator Study Guide [Spring '26]	42	Salesforce CPQ Administrator study guide (Spring '26): 5 exam sections, 8-week plan, pricing cascade tips, and free practice questions. $200 fee, 60 questions.	159
/cpq-billing-ap-exam-tips	How to Pass CPQ and Billing Consultant Accredited Professio…	60	Salesforce CPQ &amp; Billing Accredited Professional exam tips for Spring '26: product configuration, pricing, contracts, invoicing.	132
/crm-analytics-exam-tips	How to Pass CRM Analytics & Einstein Discovery Consultant: …	60	Salesforce CRM Analytics Consultant exam tips for Spring '26: dashboards, SAQL, dataflows, Einstein Discovery Free practice questions.	134
/crm-analytics-study-guide	CRM Analytics Study Guide [Spring '26]	38	CRM Analytics study guide: dataflows, recipes, SAQL, dashboards. $200, 60 questions, ~67% pass. Free practice questions.	120
/data-360-consultant-exam-tips	How to Pass Data Cloud Consultant: 3 Concepts Candidates Fa…	60	Salesforce Data 360 Consultant exam tips (formerly Data Cloud Consultant) for Spring '26: data ingestion, identity resolution, segmentation, activation.	152
/data-360-consultant-study-guide	Data Cloud Consultant Study Guide [Spring '26]	46	Data 360 Consultant study guide: data ingestion, identity resolution, segmentation & activation. Free practice questions — no sign-up.	134
/data-architect-exam-tips	How to Pass Data Architect: 3 Concepts Candidates Fail	54	Salesforce Data Architect exam tips for Spring '26: data modelling, large data volumes, master data management Free practice questions.	135
/data-architect-study-guide	Data Architect Study Guide [Spring '26]	39	Salesforce Data Architect study guide (Spring '26): 5 exam sections, 10-week plan, LDV strategies, MDM patterns. $400 fee, 60 questions, ~68% passing score.	156
/data-cloud-vs-crm-analytics	Data Cloud vs CRM Analytics Consultant: Which Cert to Take?	59	Data Cloud vs CRM Analytics Consultant: what each tests, career use cases. Which to prioritise. Free practice questions.	120
/data-cloud-vs-marketing-cloud	Data Cloud vs Marketing Cloud (Spring '26) | Which Cert?	56	Data Cloud vs Marketing Cloud certs: what each does, how they compare, which path to choose for your role Free practice questions.	130
/dev-lifecycle-deployment-architect-exam-tips	How to Pass Dev Lifecycle and Deployment Architect: 3 Conce…	60	Dev Lifecycle & Deployment Architect exam tips: release management, CI/CD, environment strategy. Pass first attempt Free practice questions.	140
/dev-lifecycle-deployment-architect-study-guide	Dev Lifecycle & Deployment Arch Study Guide [Spring '26]	56	Dev Lifecycle & Deployment Architect study guide: org strategy, CI/CD, packaging, release management. $400, 60 questions, ~68% passing.	135
/developer-certification-path	Salesforce Developer Cert Path (Spring '26): Which First?	57	Salesforce developer cert path (Spring '26): right order for PD1, PD2, JavaScript Dev, and beyond. Start free practice now.	123
/education-cloud-consultant-exam-tips	How to Pass Education Cloud Consultant: 3 Concepts Candidat…	60	Salesforce Education Cloud Consultant exam tips for Spring '26: EDA data model, student lifecycle, adviser console Free practice questions.	139
/education-cloud-consultant-study-guide	Education Cloud Consultant Study Guide [Spring '26]	51	Education Cloud Consultant study guide: exam sections, EDA data model, student success, advising. Pass in 2026 Free practice questions.	135
/education-cloud-vs-nonprofit-cloud-consultant	Education Cloud vs Nonprofit Cloud Consultant (Spring '26)	58	Education Cloud Consultant vs Nonprofit Cloud Consultant comparison: industry differences, exam content, data models, career paths, and which to take in 2026.	158
/email-specialist-exam-tips	How to Pass Marketing Cloud Email Specialist: 3 Concepts Ca…	60	Email Specialist exam tips (Spring '26): 4-week study plan, deliverability strategies, and scenario tips. Start free practice now.	130
/email-specialist-study-guide	Marketing Cloud Email Specialist Study Guide [Spring '26]	57	Salesforce Email Specialist study guide (Spring '26): 6 exam sections, Journey Builder, deliverability tips, 8-week plan, and free practice questions. $200 fee.	160
/energy-utilities-ap-exam-tips	How to Pass Energy and Utilities Cloud Accredited Professio…	60	Salesforce Energy &amp; Utilities Cloud Accredited Professional exam tips for Spring '26: customer engagement, service management, OmniStudio.	142
/experience-cloud-consultant-study-guide	Experience Cloud Consultant Study Guide [Spring '26]	52	Experience Cloud Consultant study guide: sharing model, external users, site templates, CMS, branding. Pass first attempt.	122
/experience-cloud-exam-tips	How to Pass Experience Cloud Consultant: 3 Concepts Candida…	60	Experience Cloud Consultant exam tips for Spring '26: portal design, member management, security. Scenario tips to pass first attempt.	134
/field-service-consultant-study-guide	Field Service Consultant Study Guide [Spring '26]	49	Salesforce Field Service Consultant study guide (Spring '26): 8 exam sections, study plan, scheduling tips, and free practice questions. $200 fee, 60 questions.	160
/field-service-exam-tips	How to Pass Field Service Consultant: 3 Concepts Candidates…	60	Salesforce Field Service Consultant exam tips for Spring '26: work orders, scheduling, mobile workforce Free practice questions.	128
/field-service-vs-service-cloud-consultant	Field Service vs Service Cloud Consultant (Spring '26)	54	Field Service Consultant vs Service Cloud Consultant: compare exam difficulty, skills tested, prerequisites, career value, and which to take first in 2026.	155
/financial-services-cloud-ap-exam-tips	How to Pass Financial Services Cloud Accredited Professiona…	60	Salesforce Financial Services Cloud Accredited Professional exam tips for Spring '26: FSC data model, financial accounts, client management.	140
/health-cloud-ap-exam-tips	How to Pass Health Cloud Accredited Professional: 3 Concept…	60	Salesforce Health Cloud Accredited Professional exam tips for Spring '26: patient management, care plans, provider network.	123
/heroku-architect-exam-tips	How to Pass Heroku Architect: 3 Concepts Candidates Fail	56	Salesforce Heroku Architect exam tips for Spring '26: Heroku architecture, Salesforce integration, security, scalability.	121
/heroku-developer-ap-exam-tips	How to Pass Heroku Developer Accredited Professional: 3 Con…	60	Salesforce Heroku Developer Accredited Professional exam tips for Spring '26: Heroku deployments, dynos, add-ons, Salesforce integration.	137
/how-to-become-salesforce-administrator	How to Become a Salesforce Administrator (Spring '26 Guide)	59	How to become a Salesforce Administrator in 2026: from zero experience to ADM-201 certified in 8–12 weeks. Step-by-step guide...	128
/how-to-become-salesforce-architect	How to Become a Salesforce Architect (Spring '26 Guide)	55	How to become a Salesforce Architect: path from ADM-201 to CTA. Timeline, certs, salary, study resources Free practice questions.	129
/how-to-become-salesforce-consultant	How to Become a Salesforce Consultant (Spring '26 Guide)	56	How to become a Salesforce Consultant in 2026: ADM-201 to Sales Cloud or Service Cloud Consultant in 6–12 months. Career path, salary data, and study resources.	160
/how-to-become-salesforce-developer	How to Become a Salesforce Developer (Spring '26 Guide)	55	How to become a Salesforce Developer in 2026: from zero to PD1 certified in 12–16 weeks. Step-by-step guide with free resources, salary data, and career tips.	158
/how-to-register-salesforce-exam	How to Register for a Salesforce Cert Exam (Spring '26)	55	How to register for a Salesforce cert exam: Webassessor setup, booking, online vs centre, exam day tips Free practice questions.	128
/how-to-study-for-salesforce-certification	How to Study for a Salesforce Certification (Spring '26)	56	How to study for Salesforce certification exams in 2026: effective study methods, Trailhead strategy, hands-on practice, and mock exam approach.	144
/html-sitemap	HTML Sitemap | Trailblaze Prep	30	Browse all Trailblaze Prep pages: Salesforce certification guides, role hubs, and key site pages. Browse by category and find your exam.	136
/identity-access-management-architect-exam-tips	How to Pass Identity and Access Management Architect: 3 Con…	60	Salesforce IAM Architect exam tips for Spring '26: SSO, OAuth, connected apps, identity providers. Scenario tips to pass first attempt.	135
/identity-access-management-architect-study-guide	Identity & Access Mgmt Architect Study Guide [Spring '26]	57	Salesforce IAM Architect study guide (Spring '26): SAML, OAuth 2.0, SSO design, connected apps, MFA. $400 fee, 60 questions, ~68% passing score.	144
/industries-cpq-developer-exam-tips	How to Pass Industries CPQ Developer: 3 Concepts Candidates…	60	Salesforce Industries CPQ Developer exam tips for Spring '26: product catalogue, pricing, guided selling Free practice questions.	129
/integration-architect-exam-tips	How to Pass Integration Architect: 3 Concepts Candidates Fa…	60	Salesforce Integration Architect exam tips for Spring '26: integration patterns, API strategy, middleware Free practice questions.	130
/integration-architect-study-guide	Integration Architect Study Guide [Spring '26]	46	Integration Architect study guide: 5 sections, 10-week plan, API patterns, async vs sync. $400, ~68% pass Free practice questions.	130
/integration-architect-vs-system-architect	Integration vs System Architect: Salesforce Cert Comparison	59	Compare Salesforce Integration Architect and System Architect certifications: exam focus, prerequisites, career paths, which to take for CTA.	141
/is-salesforce-certification-worth-it	Is Salesforce Certification Worth It? (Spring '26)	50	Is Salesforce certification worth it? ROI, salary, job demand, time investment. Who should (and shouldn't) get certified.	121
/javascript-developer-i-exam-tips	How to Pass JavaScript Developer I: 3 Concepts Candidates F…	60	Salesforce JavaScript Developer I exam tips for Spring '26: JavaScript fundamentals, LWC, Apex integration Free practice questions.	131
/javascript-developer-i-study-guide	JavaScript Developer I Study Guide [Spring '26]	47	JavaScript Developer I study guide: 6 exam sections, async, ES6+, LWC. $200, 60 questions. Free practice questions. Pass first attempt.	135
/javascript-developer-i-vs-pd1	JavaScript Developer I vs Platform Developer I (Spring '26)	59	JavaScript Developer I vs Platform Developer I (PD1): which Salesforce developer cert first? Compare exam format, skills, career value.	135
/loyalty-management-ap-exam-tips	How to Pass Loyalty Management Accredited Professional: 3 C…	60	Salesforce Loyalty Management Accredited Professional exam tips for Spring '26: loyalty programmes, tiers, points management, partner integration.	146
/manufacturing-cloud-ap-exam-tips	How to Pass Manufacturing Cloud Accredited Professional: 3 …	60	Salesforce Manufacturing Cloud Accredited Professional exam tips for Spring '26: sales agreements, account-based forecasting, partner management.	145
/marketing-cloud-admin-vs-developer	MC Engagement Admin vs Developer: Which Cert to Take?	53	Marketing Cloud Admin vs Developer: what each tests, who each is for. Which cert to take first. Free practice questions.	120
/marketing-cloud-advanced-cross-channel-ap-exam-tips	How to Pass Marketing Cloud Advanced Cross Channel Accredit…	60	Salesforce Marketing Cloud Advanced Cross-Channel AP exam tips for Spring '26: Journey Builder, mobile push, advertising audiences.	131
/marketing-cloud-consultant-exam-tips	How to Pass Marketing Cloud Engagement Consultant: 3 Concep…	60	Marketing Cloud Consultant exam tips for Spring '26: email strategy, automation, segmentation, analytics, and scenario approach to pass first attempt.	150
/marketing-cloud-consultant-study-guide	Marketing Cloud Engagement Consultant Study Guide [Spring '…	60	Marketing Cloud Consultant study guide: discovery, architecture, integration, data, Journey Builder. Pass first attempt.	120
/marketing-cloud-engagement-admin-exam-tips	MC Engagement Admin Exam Tips (Spring '26): Study Guide	55	Salesforce Marketing Cloud Engagement Administrator exam tips for Spring '26: email studio, automation studio, data extensions, deliverability.	143
/marketing-cloud-engagement-admin-study-guide	Marketing Cloud Engagement Admin Study Guide [Spring '26]	57	Marketing Cloud Engagement Admin study guide: account setup, business units, data, compliance. $200, ~67% pass. Free practice questions.	136
/marketing-cloud-engagement-developer-exam-tips	How to Pass Marketing Cloud Engagement Developer: 3 Concept…	60	Salesforce Marketing Cloud Developer exam tips for Spring '26: AMPscript, SSJS, SQL queries, API integration Free practice questions.	133
/marketing-cloud-engagement-developer-study-guide	MC Engagement Developer Study Guide [Spring '26]	48	Marketing Cloud Engagement Developer study guide: AMPscript, SSJS, REST API, data management. Pass in 2026 Free practice questions.	131
/marketing-cloud-engagement-foundations-exam-tips	How to Pass Marketing Cloud Engagement Foundations: 3 Conce…	60	Salesforce Marketing Cloud Engagement Foundations exam tips for Spring '26: platform navigation, email sends, subscriber management.	132
/marketing-cloud-engagement-foundations-study-guide	MC Engagement Foundations Study Guide [Spring '26]	50	Marketing Cloud Engagement Foundations study guide: exam sections, email, data, automation. Pass this $75 cert in 2026 Free practice questions.	143
/marketing-cloud-intelligence-ap-exam-tips	How to Pass Marketing Cloud Intelligence Accredited Profess…	60	Salesforce Marketing Cloud Intelligence (Datorama) AP exam tips for Spring '26: data streams, harmonisation, dashboards, KPIs.	126
/marketing-cloud-personalization-ap-exam-tips	How to Pass Marketing Cloud Personalization Accredited Prof…	60	Salesforce Marketing Cloud Personalization (Interaction Studio) AP exam tips for Spring '26: real-time personalisation, recipes, Einstein decisions.	148
/media-cloud-ap-exam-tips	How to Pass Media Cloud Accredited Professional: 3 Concepts…	60	Salesforce Media Cloud Accredited Professional exam tips for Spring '26: media sales, order management, subscriber management.	126
/mulesoft-catalyst-consultant-exam-tips	How to Pass MuleSoft Catalyst Consultant: 3 Concepts Candid…	60	MuleSoft Catalyst Consultant exam tips for Spring '26: Catalyst methodology, IT operating model, API programme design Free practice questions.	142
/mulesoft-developer-i-exam-tips	How to Pass MuleSoft Developer I: 3 Concepts Candidates Fail	60	MuleSoft Developer I exam tips for Spring '26: Mule 4 flows, connectors, DataWeave, error handling. Scenario tips to pass first attempt.	136
/mulesoft-developer-i-study-guide	MuleSoft Developer I Study Guide [Spring '26]	45	MuleSoft Developer I study guide: exam sections, DataWeave, connectors, error handling, 8-week plan. $200, 60 questions.	120
/mulesoft-developer-i-vs-ii	MuleSoft Developer I vs II: Which Exam Should You Take Next?	60	MuleSoft Developer I vs II: exam difficulty, topics, prerequisites. Which cert to target next on your MuleSoft path. Free practice.	131
/mulesoft-developer-i-vs-integration-foundations	MuleSoft Developer I vs Integration Foundations (Spring '26)	60	MuleSoft Developer I vs MuleSoft Integration Foundations: compare fees, difficulty, skills tested, and which MuleSoft certification to take first in 2026.	154
/mulesoft-developer-ii-exam-tips	How to Pass MuleSoft Developer II: 3 Concepts Candidates Fa…	60	MuleSoft Developer II exam tips for Spring '26: API-led connectivity, Anypoint MQ, batch processing, custom policies Free practice questions.	141
/mulesoft-developer-ii-study-guide	MuleSoft Developer II Study Guide [Spring '26]	46	MuleSoft Developer II study guide: 5 sections, DataWeave, batch, security, deployment. $200. Free practice questions. Pass first attempt.	137
/mulesoft-hyperautomation-developer-exam-tips	How to Pass MuleSoft Hyperautomation Developer: 3 Concepts …	60	MuleSoft Hyperautomation Developer exam tips for Spring '26: RPA, AI-powered automation, process orchestration Free practice questions.	135
/mulesoft-integration-architect-exam-tips	How to Pass MuleSoft Platform Integration Architect: 3 Conc…	60	MuleSoft Integration Architect exam tips for Spring '26: enterprise integration design, Anypoint architecture patterns, API-led connectivity.	141
/mulesoft-integration-architect-study-guide	MuleSoft Platform Integration Architect Study Guide [Spring…	60	MuleSoft Integration Architect study guide: API-led connectivity, integration patterns, security, governance. Pass in 2026.	123
/mulesoft-integration-foundations-exam-tips	How to Pass MuleSoft Integration Foundations: 3 Concepts Ca…	60	MuleSoft Foundations exam tips (Spring '26): 3-week study plan, API-led connectivity essentials, and mock exam strategies. Start free.	134
/mulesoft-integration-foundations-study-guide	MuleSoft Integration Foundations Study Guide [Spring '26]	57	MuleSoft Integration Foundations study guide: API-led connectivity, Anypoint Platform. $75, 40 questions, 70% pass Free practice questions.	139
/mulesoft-platform-architect-exam-tips	How to Pass MuleSoft Platform Architect: 3 Concepts Candida…	60	MuleSoft Platform Architect exam tips for Spring '26: Anypoint Platform governance, API management, enterprise integration strategy.	132
/mulesoft-platform-architect-study-guide	MuleSoft Platform Architect Study Guide [Spring '26]	52	MuleSoft Platform Architect study guide: Anypoint Platform, connectivity, operations, governance. Pass in 2026 Free practice questions.	135
/net-zero-cloud-ap-exam-tips	How to Pass Net Zero Cloud Accredited Professional: 3 Conce…	60	Salesforce Net Zero Cloud Accredited Professional exam tips for Spring '26: carbon accounting, emissions tracking, sustainability reporting.	140
/nonprofit-cloud-consultant-study-guide	Nonprofit Cloud Consultant Study Guide [Spring '26]	51	Nonprofit Cloud Consultant study guide: exam sections, NPSP data model, fundraising, volunteer management. Pass in 2026.	120
/nonprofit-cloud-exam-tips	How to Pass Nonprofit Cloud Consultant: 3 Concepts Candidat…	60	Salesforce Nonprofit Cloud Consultant exam tips for Spring '26: NPC data model, fundraising, programme management Free practice questions.	138
/nonprofit-success-pack-consultant-exam-tips	How to Pass Nonprofit Success Pack (NPSP) Consultant: 3 Con…	60	Salesforce NPSP Consultant exam tips for Spring '26: household model, gift entry, engagement plans. Scenario tips to pass first attempt.	136
/nonprofit-success-pack-consultant-study-guide	Nonprofit Success Pack (NPSP) Consultant Study Guide [Sprin…	60	NPSP Consultant study guide: exam sections, household data model, fundraising, gift management. Pass in 2026 Free practice questions.	133
/omnistudio-consultant-exam-tips	How to Pass OmniStudio Consultant: 3 Concepts Candidates Fa…	60	Salesforce OmniStudio Consultant exam tips for Spring '26: solution design, FlexCards, OmniScripts, implementation strategy.	124
/omnistudio-consultant-study-guide	OmniStudio Consultant Study Guide [Spring '26]	46	OmniStudio Consultant study guide: 4 sections, solution design, discovery, implementation. $200. Free practice questions.	121
/omnistudio-developer-exam-tips	How to Pass OmniStudio Developer: 3 Concepts Candidates Fail	60	Salesforce OmniStudio Developer exam tips for Spring '26: FlexCards, OmniScripts, DataRaptors, Integration Procedures Free practice questions.	142
/omnistudio-developer-study-guide	OmniStudio Developer Study Guide [Spring '26]	45	OmniStudio Developer study guide: 4 sections, DataRaptors, FlexCards, Integration Procedures. $200. Free practice questions.	124
/omnistudio-developer-vs-consultant	OmniStudio Developer vs Consultant: Which Cert?	47	Compare OmniStudio Developer and OmniStudio Consultant certifications: exam focus, career paths, difficulty, and which to take first based on your role.	152
/order-management-admin-ap-exam-tips	How to Pass Order Management Administrator Accredited Profe…	60	Salesforce Order Management Administrator AP exam tips for Spring '26: order lifecycle, fulfilment, returns, inventory management.	130
/order-management-developer-ap-exam-tips	How to Pass Order Management Developer Accredited Professio…	60	Salesforce Order Management Developer AP exam tips for Spring '26: OMS APIs, Flow customisation, headless integration Free practice questions.	142
/pardot-consultant-exam-tips	How to Pass Account Engagement (Pardot) Consultant: 3 Conce…	60	Pardot Consultant exam tips for Spring '26: lead nurturing, scoring, grading, Salesforce sync, engagement studio. Pass first attempt.	133
/pardot-consultant-study-guide	Pardot Consultant Study Guide [Spring '26]	42	Pardot Consultant study guide: exam sections, key topics, B2B marketing study plan. Pass in 2026 Free practice questions.	121
/pardot-consultant-vs-marketing-cloud-consultant	Pardot Consultant vs Marketing Cloud Consultant (Spring '26)	60	Pardot vs Marketing Cloud Consultant: B2B vs B2C, exam differences, career paths. Which Salesforce marketing cert in 2026.	122
/pardot-specialist-exam-tips	How to Pass Account Engagement (Pardot) Specialist: 3 Conce…	60	Pardot Specialist exam tips for Spring '26: lead scoring, engagement programs, forms. Scenario tips to pass first attempt.	122
/pardot-specialist-study-guide	Pardot Specialist Study Guide [Spring '26]	42	Pardot Specialist study guide: 5 sections, 8-week plan, scoring, Engagement Studio. $200, 60 questions. Free practice questions.	128
/pardot-specialist-vs-pardot-consultant	Pardot Specialist vs Pardot Consultant (Spring '26)	51	Pardot Specialist vs Pardot Consultant certification comparison (Spring '26): fees, difficulty, skills tested, and which Pardot cert to take first.	147
/pd1-exam-tips	How to Pass Platform Developer I: 3 Concepts Candidates Fail	60	PD1 exam tips (Spring '26): Apex governor limits, bulkification, trigger best practices, and 75% coverage rule. Start free practice.	132
/pd1-study-guide	Platform Developer I Study Guide [Spring '26]	45	PD1 study guide (Spring '26): all 5 exam sections, Apex governor limits, testing rules, async patterns, and exam scenario strategy. Start free practice today.	158
/pd1-vs-pd2	Platform Developer I vs Platform Developer II: Which Cert F…	60	PD1 vs PD2 (Spring '26): Compare difficulty, exam content, and career impact to choose the right developer cert. Start free practice today.	139
/pd2-exam-tips	How to Pass Platform Developer II: 3 Concepts Candidates Fa…	60	PD2 exam tips for Spring '26: advanced Apex patterns, integration, design patterns, and mock-test strategy to pass Platform Developer II first attempt.	151
/pd2-study-guide	Platform Developer II Study Guide [Spring '26]	46	Platform Developer II (PD2) study guide (Spring '26): design patterns, async Apex, integration, performance, testing. Pass one of Salesforce's hardest exams.	157
/platform-foundations-exam-tips	How to Pass Platform Foundations: 3 Concepts Candidates Fail	60	Salesforce Platform Foundations exam tips for Spring '26: core platform concepts, data model, security, automation Free practice questions.	139
/platform-foundations-study-guide	Platform Foundations Study Guide [Spring '26]	45	Platform Foundations study guide: exam sections, key topics, study plan. Pass this $75 associate cert in 2026 Free practice questions.	134
/platform-foundations-vs-ai-associate	Platform Foundations vs AI Associate (Spring '26)	49	Platform Foundations vs AI Associate: both $75 entry-level. Content, difficulty, career value. Which first in 2026 Free practice questions.	139
/privacy	Privacy Policy | Trailblaze Prep	32	Privacy policy for Trailblaze Prep, an independent Salesforce certification preparation resource. How we handle your data and contact information.	146
/process-automation-ap-exam-tips	How to Pass Process Automation Accredited Professional: 3 C…	60	Salesforce Process Automation Accredited Professional exam tips for Spring '26: Flow Builder, automation strategy, governor limits.	131
/public-sector-solutions-ap-exam-tips	How to Pass Public Sector Solutions Accredited Professional…	60	Salesforce Public Sector Solutions Accredited Professional exam tips for Spring '26: licences and permits, grants management, OmniStudio.	137
/revenue-cloud-consultant-exam-tips	How to Pass Revenue Cloud Consultant: 3 Concepts Candidates…	60	Salesforce Revenue Cloud Consultant exam tips for Spring '26: CPQ, billing, subscription management, revenue recognition.	121
/revenue-cloud-consultant-study-guide	Revenue Cloud Consultant Study Guide [Spring '26]	49	Revenue Cloud Consultant study guide: 5 sections, billing schedules, pricing waterfall, 8-week plan. $200. Free practice.	121
/sales-cloud-consultant-study-guide	Sales Cloud Consultant Study Guide [Spring '26]	47	Sales Cloud Consultant study guide: exam sections, territory, forecasting, solution design. Pass first attempt Free practice questions.	135
/sales-cloud-exam-tips	How to Pass Sales Cloud Consultant: 3 Concepts Candidates F…	60	Sales Cloud Consultant exam tips for Spring '26: opportunity management, forecasting, CPQ basics. Scenario tips to pass first attempt.	134
/sales-cloud-vs-experience-cloud-consultant	Sales Cloud vs Experience Cloud Consultant (Spring '26)	55	Sales Cloud vs Experience Cloud Consultant: exam scope, difficulty, career paths. Which to take first. Side-by-side Free practice questions.	140
/sales-cloud-vs-service-cloud	Sales Cloud vs Service Cloud Consultant (Spring '26)	52	Sales Cloud vs Service Cloud Consultant (Spring '26): exam difficulty, career impact, and which to take first. Compare both certs side by side.	143
/sales-foundations-exam-tips	How to Pass Sales Foundations: 3 Concepts Candidates Fail	57	Salesforce Sales Foundations exam tips for Spring '26: Sales Cloud basics, leads and opportunities, forecasting Free practice questions.	136
/salesforce-admin-vs-developer-career	Salesforce Admin vs Developer Career Paths (Spring '26)	55	Salesforce Admin vs Developer career paths: day-to-day work, salary, progression, certs, and which path suits different backgrounds.	132
/salesforce-certification-cost	Salesforce Cert Cost (Spring '26): Exam Fees & Retake Prices	60	Salesforce exam fees (Spring '26): most certs $200, Architects $400, AP certs $150. Retake fees and bundle options fully explained.	131
/salesforce-certification-difficulty	Salesforce Certification Difficulty Ranking (Spring '26)	56	Salesforce cert difficulty ranked: easiest to hardest. Passing score, questions, fee, tips for every tier from AI Associate to CTA.	131
/salesforce-certification-exam-day-tips	Salesforce Certification Exam Day Tips (Spring '26)	51	Salesforce exam day tips: what to bring, online vs centre checklist, time management, what to do if something goes wrong.	121
/salesforce-certification-maintenance	Salesforce Certification Maintenance Guide (Spring '26)	55	How to maintain Salesforce certification: when maintenance is due, Trailhead modules, deadline tips, renewal guide Free practice questions.	139
/salesforce-certification-passing-score	Salesforce Certification Passing Score by Tier (Spring '26)	59	Salesforce certification passing scores by tier: Associate (70%), Specialist (~62–68%), Architect (~67%). How scores work and what to aim for.	142
/salesforce-certification-salary	Salesforce Certification Salary (Spring '26) | Pay by Cert	58	Salesforce certification salary data for Spring '26: ADM-201, PD1, Sales Cloud, Service Cloud, architect tracks. See which certs pay the most.	142
/salesforce-certification-validity	Salesforce Certification Validity & Expiry (Spring '26)	55	Do Salesforce certifications expire? How long are they valid? How to keep them active with maintenance modules in 2026 — complete guide.	136
/salesforce-certification-voucher	Salesforce Cert Voucher & Discount Guide (Spring '26)	53	Salesforce cert discounts and vouchers: Dreamforce, Trailhead, partner discounts, 50% retake vouchers Free practice questions.	126
/salesforce-certifications-list	All Salesforce Certifications (Spring '26): List by Role	56	Complete Salesforce certifications list (Spring '26) grouped by role: Admin, Developer, Architect, Consultant, and more. Free practice.	135
/salesforce-exam-retake-policy	Salesforce Exam Retake Policy (Spring '26)	42	Salesforce certification retake policy 2026: waiting periods, retake costs, how many attempts allowed, and what to do differently after failing.	144
/salesforce-free-certification	How to Get a Free Salesforce Certification (Spring '26)	55	How to get free Salesforce certification exams in 2026: Dreamforce vouchers, Trailhead promotions, employer-sponsored exams, and the lowest-cost entry points.	158
/service-cloud-consultant-exam-tips	How to Pass Service Cloud Consultant: 3 Concepts Candidates…	60	Service Cloud Consultant exam tips (Spring '26): omnichannel routing, case management, SLAs, and escalation rules. Start free practice.	135
/service-cloud-consultant-study-guide	Service Cloud Consultant Study Guide [Spring '26]	49	Service Cloud Consultant study guide: exam sections, Omni-Channel, entitlements, case management, knowledge base. Pass first attempt.	133
/service-cloud-study-guide	Service Cloud Consultant Study Guide [Spring '26]	49	Service Cloud Consultant exam notes (Spring '26): Omni-Channel routing, entitlements, Lightning Knowledge, and case management — with free practice questions.	158
/sharing-visibility-architect-exam-tips	How to Pass Sharing and Visibility Architect: 3 Concepts Ca…	60	Salesforce Sharing & Visibility Architect exam tips for Spring '26: OWD design, sharing rules, role hierarchy Free practice questions.	134
/sharing-visibility-architect-study-guide	Sharing and Visibility Architect Study Guide [Spring '26]	57	Sharing & Visibility Architect study guide: OWD, role hierarchy, sharing rules, Apex sharing. $400, ~68% pass Free practice questions.	134
/slack-administrator-exam-tips	How to Pass Slack Administrator: 3 Concepts Candidates Fail	59	Salesforce Slack Administrator exam tips for Spring '26: workspace management, channels, security, Slack Connect Free practice questions.	137
/slack-administrator-study-guide	Slack Administrator Study Guide [Spring '26]	44	Slack Administrator study guide: exam sections, workspace config, security, integrations, and tips to pass the Salesforce Slack Admin exam.	139
/slack-consultant-exam-tips	How to Pass Slack Consultant: 3 Concepts Candidates Fail	56	Salesforce Slack Consultant exam tips for Spring '26: Slack implementation strategy, workflow automation, Salesforce integration.	129
/slack-developer-exam-tips	How to Pass Slack Developer: 3 Concepts Candidates Fail	55	Slack Developer exam tips (Spring '26): 4-week study plan, Slack API, Block Kit, and automation patterns. Start free practice now.	130
/strategy-designer-exam-tips	How to Pass Platform Strategy Designer: 3 Concepts Candidat…	60	Salesforce Strategy Designer exam tips for Spring '26: design thinking, business strategy, value maps, journey design Free practice questions.	142
/strategy-designer-study-guide	Platform Strategy Designer Study Guide [Spring '26]	51	Strategy Designer study guide: exam sections, human-centred design, study plan. Pass the Salesforce exam in 2026 Free practice questions.	137
/system-architect-exam-tips	How to Pass System Architect: 3 Concepts Candidates Fail	56	Salesforce System Architect exam tips for Spring '26: identity, integrations, deployment architecture, and governance to pass first attempt.	140
/system-architect-study-guide	System Architect Study Guide [Spring '26]	41	System Architect study guide: 5 required domain exams, key topics, recommended study order, preparation strategy Free practice questions.	137
/system-architect-vs-application-architect	System vs Application Architect: Differences (Spring '26)	57	System vs Application Architect: required exams, domain differences, costs, career value. Which to pursue first on CTA path.	124
/tableau-architect-exam-tips	How to Pass Tableau Architect: 3 Concepts Candidates Fail	57	Salesforce Tableau Architect exam tips for Spring '26: enterprise deployment, security, performance, Tableau Server governance.	127
/tableau-consultant-exam-tips	How to Pass Tableau Consultant: 3 Concepts Candidates Fail	58	Tableau Business Intelligence Analyst exam tips for Spring '26: Tableau Desktop, data connections, calculations, dashboards.	124
/tableau-data-analyst-exam-tips	How to Pass Tableau Data Analyst: 3 Concepts Candidates Fail	60	Tableau Data Analyst exam tips (Spring '26): 4-week study plan, LOD expressions, context filters, and exam strategies. Start free now.	134
/tableau-data-analyst-study-guide	Tableau Data Analyst Study Guide [Spring '26]	45	Tableau Data Analyst study guide: 5 sections, LOD, dashboard tips, 8-week plan. 75% passing, $250. Free practice questions.	123
/tableau-desktop-foundations-exam-tips	How to Pass Tableau Desktop Foundations: 3 Concepts Candida…	60	Tableau Desktop Foundations exam tips for Spring '26: data connections, basic charts, filters. Scenario tips to pass first attempt.	131
/tableau-server-administrator-exam-tips	How to Pass Tableau Server Administrator: 3 Concepts Candid…	60	Tableau Server Administrator exam tips for Spring '26: server installation, user management, security, performance monitoring.	126
/team	Editorial Team | Trailblaze Prep	32	Trailblaze Prep content by Krishna Mohan, multi-certified Salesforce professional with hands-on Admin, Developer, and Consultant experience.	140
/technical-architect-evaluation-exam-tips	How to Pass Technical Architect - Architect Evaluation: 3 C…	60	CTA Evaluation Exam tips: advanced architecture, large data, integration patterns. Written exam strategy for Review Board.	122
/technical-architect-exam-tips	How to Pass Technical Architect (CTA): 3 Concepts Candidate…	60	Salesforce Technical Architect exam tips for Spring '26: CTA pathway, system architecture, integration, security, Review Board strategy.	136
/technical-architect-review-board-exam-tips	How to Pass Technical Architect - Architect Review Board: 3…	60	CTA Review Board tips: scenario presentation, whiteboarding, panel Q&A. How to pass the live architecture defence Free practice questions.	138
/technical-architect-study-guide	Technical Architect (CTA) Study Guide [Spring '26]	50	Salesforce CTA study guide: prerequisites, board review format, and solution presentation tips for the highest Salesforce certification.	136
/terms	Terms of Use | Trailblaze Prep	30	Terms of use for Trailblaze Prep, an independent Salesforce certification preparation resource. Use of practice questions and study materials.	142
/test-meta	Test Meta Description | Trailblaze Prep	39	This is a test description that should appear in the meta tag.	62
/ux-designer-exam-tips	How to Pass User Experience (UX) Designer: 3 Concepts Candi…	60	Salesforce UX Designer exam tips for Spring '26: human-centred design, discovery, prototyping. Scenario tips to pass first attempt.	131
/ux-designer-study-guide	User Experience (UX) Designer Study Guide [Spring '26]	54	Complete UX Designer certification study guide: exam sections, key topics, study plan, and tips to pass the Salesforce Certified UX Designer exam in 2026.	154
/ux-designer-vs-strategy-designer	UX vs Strategy Designer: Which Cert to Take (Spring '26)	56	UX Designer vs Strategy Designer Salesforce certification comparison: exam difficulty, career use cases, content differences, and which to take first in 2026.	158
/which-salesforce-certification-first	Which Salesforce Cert to Get First? (Spring '26)	48	Which Salesforce certification to take first in 2026: recommendations by background and career goal, with study time and cost for each path.	140